{
  "hash": "b80cc236",
  "configHash": "77373204",
  "lockfileHash": "b08f6faa",
  "browserHash": "a5242c21",
  "optimized": {
    "@angular/core": {
      "src": "../../../../../../node_modules/@angular/core/fesm2022/core.mjs",
      "file": "@angular_core.js",
      "fileHash": "0e3cb792",
      "needsInterop": false
    },
    "@angular/platform-browser": {
      "src": "../../../../../../node_modules/@angular/platform-browser/fesm2022/platform-browser.mjs",
      "file": "@angular_platform-browser.js",
      "fileHash": "103e2e6c",
      "needsInterop": false
    },
    "@angular/platform-server": {
      "src": "../../../../../../node_modules/@angular/platform-server/fesm2022/platform-server.mjs",
      "file": "@angular_platform-server.js",
      "fileHash": "ce520295",
      "needsInterop": false
    },
    "@angular/router": {
      "src": "../../../../../../node_modules/@angular/router/fesm2022/router.mjs",
      "file": "@angular_router.js",
      "fileHash": "e3a22ae2",
      "needsInterop": false
    },
    "@angular/ssr": {
      "src": "../../../../../../node_modules/@angular/ssr/fesm2022/ssr.mjs",
      "file": "@angular_ssr.js",
      "fileHash": "e8f5547d",
      "needsInterop": false
    },
    "@angular/ssr/node": {
      "src": "../../../../../../node_modules/@angular/ssr/fesm2022/node.mjs",
      "file": "@angular_ssr_node.js",
      "fileHash": "d5ea5596",
      "needsInterop": false
    },
    "express": {
      "src": "../../../../../../node_modules/express/index.js",
      "file": "express.js",
      "fileHash": "a1834f5a",
      "needsInterop": true
    },
    "flowbite": {
      "src": "../../../../../../node_modules/flowbite/lib/esm/index.js",
      "file": "flowbite.js",
      "fileHash": "6aa6d452",
      "needsInterop": false
    },
    "@angular/common": {
      "src": "../../../../../../node_modules/@angular/common/fesm2022/common.mjs",
      "file": "@angular_common.js",
      "fileHash": "8556f089",
      "needsInterop": false
    }
  },
  "chunks": {
    "xhr2-TXIMV6CV": {
      "file": "xhr2-TXIMV6CV.js"
    },
    "chunk-MT4I4PG3": {
      "file": "chunk-MT4I4PG3.js"
    },
    "chunk-WLXLTZQW": {
      "file": "chunk-WLXLTZQW.js"
    },
    "chunk-MFELBE74": {
      "file": "chunk-MFELBE74.js"
    },
    "chunk-MGBFQ7M2": {
      "file": "chunk-MGBFQ7M2.js"
    },
    "chunk-MUNAXTQX": {
      "file": "chunk-MUNAXTQX.js"
    },
    "chunk-OGMU4Y3G": {
      "file": "chunk-OGMU4Y3G.js"
    },
    "chunk-YHCV7DAQ": {
      "file": "chunk-YHCV7DAQ.js"
    }
  }
}