{
  "hash": "f4ae3233",
  "configHash": "d903bfde",
  "lockfileHash": "b08f6faa",
  "browserHash": "acc25a78",
  "optimized": {
    "@angular/core": {
      "src": "../../../../../../node_modules/@angular/core/fesm2022/core.mjs",
      "file": "@angular_core.js",
      "fileHash": "1982616e",
      "needsInterop": false
    },
    "@angular/platform-browser": {
      "src": "../../../../../../node_modules/@angular/platform-browser/fesm2022/platform-browser.mjs",
      "file": "@angular_platform-browser.js",
      "fileHash": "8f928bb9",
      "needsInterop": false
    },
    "@angular/router": {
      "src": "../../../../../../node_modules/@angular/router/fesm2022/router.mjs",
      "file": "@angular_router.js",
      "fileHash": "5fcc0483",
      "needsInterop": false
    },
    "flowbite": {
      "src": "../../../../../../node_modules/flowbite/lib/esm/index.js",
      "file": "flowbite.js",
      "fileHash": "fc4cee0c",
      "needsInterop": false
    },
    "@angular/common": {
      "src": "../../../../../../node_modules/@angular/common/fesm2022/common.mjs",
      "file": "@angular_common.js",
      "fileHash": "c8c0aea5",
      "needsInterop": false
    }
  },
  "chunks": {
    "chunk-BRQ7KRAK": {
      "file": "chunk-BRQ7KRAK.js"
    },
    "chunk-DHCHBNQR": {
      "file": "chunk-DHCHBNQR.js"
    },
    "chunk-UQPTJ6QF": {
      "file": "chunk-UQPTJ6QF.js"
    },
    "chunk-WDMUDEB6": {
      "file": "chunk-WDMUDEB6.js"
    }
  }
}